id,data
1,1
2,2
3,9007199254740991
4,-1
5,-2
6,-9007199254740991
7,10000000000000000
8,-10000000000000000
9,10000000000000000000.00000000000000000001
10,-10000000000000000000.00000000000000000001
